[
  {
    "id": 1,
    "name": "Shaikh Jamil",
    "class": "B.Sc.",
    "roll_number": "2345",
    "caste": "OPEN",
    "gender": "Male",
    "admission_year": 2025,
    "created_at": "2025-06-16T19:55:04.121046"
  },
  {
    "id": 2,
    "name": "S s chivate",
    "class": "B.A.",
    "roll_number": "67",
    "caste": "OBC",
    "gender": "Male",
    "admission_year": 2025,
    "created_at": "2025-06-17T05:01:43.970255"
  },
  {
    "id": 3,
    "name": "Tushar Aglave",
    "class": "B.Sc.",
    "roll_number": "67",
    "caste": "OPEN",
    "gender": "Male",
    "admission_year": 2025,
    "created_at": "2025-06-17T05:04:40.793355"
  },
  {
    "id": 4,
    "name": "Tushar Aglave",
    "class": "B.Sc.",
    "roll_number": "27",
    "caste": "OPEN",
    "gender": "Male",
    "admission_year": 2025,
    "created_at": "2025-06-17T05:10:39.375367"
  },
  {
    "id": 5,
    "name": "Shaikh Mustaqeem",
    "class": "B.A.",
    "roll_number": "45",
    "caste": "OPEN",
    "gender": "Male",
    "admission_year": 2025,
    "created_at": "2025-06-17T17:22:29.909336"
  }
]